phase_mat_data/B016_AA03/B016_AA03(13).csv,1
phase_mat_data/B016_AA03/B016_AA03(14).csv,1
phase_mat_data/B016_AA03/B016_AA03(15).csv,1
phase_mat_data/B016_AA03/B016_AA03(16).csv,1
phase_mat_data/B016_AA03/B016_AA03(17).csv,1
phase_mat_data/B016_AA03/B016_AA03(18).csv,1
phase_mat_data/B016_AA03/B016_AA03(19).csv,1
phase_mat_data/B016_AA03/B016_AA03(20).csv,1
phase_mat_data/B016_AA03/B016_AA03(21).csv,1
phase_mat_data/B016_AA03/B016_AA03(22).csv,1
phase_mat_data/B016_AA03/B016_AA03(23).csv,1
phase_mat_data/B034_B029/B034_B029(13).csv,2
phase_mat_data/B034_B029/B034_B029(14).csv,2
phase_mat_data/B034_B029/B034_B029(15).csv,2
phase_mat_data/B034_B029/B034_B029(16).csv,2
phase_mat_data/B034_B029/B034_B029(17).csv,2
phase_mat_data/B034_B029/B034_B029(18).csv,2
phase_mat_data/B034_B029/B034_B029(19).csv,2
phase_mat_data/B034_B029/B034_B029(20).csv,2
phase_mat_data/B034_B029/B034_B029(21).csv,2
phase_mat_data/B034_B029/B034_B029(22).csv,2
phase_mat_data/B034_B029/B034_B029(23).csv,2
